,Unnamed: 0,MoH,M2,MK4,AL-21,SMA-27,VT,congo,E09F3,SWAN-1,BRM9,petro,A8P,CANT,WeN3
32,CTA,0.70066,0.717306,0.714889,1.042355,1.091564,1.077243,0.619218,0.631329,0.668889,0.862399,0.881827,1.031112,0.958817,0.96688
0,,,,,,,,,,,,,,,
