,Unnamed: 0,MoH,M2,MK4,AL-21,SMA-27,VT
7,GGT,2.057925,2.08186,2.082493,2.315833,2.423393,2.43499
10,GGG,0.955043,0.95559,0.955117,0.602119,0.641649,0.638126
11,ACT,1.931396,1.988934,1.981767,1.496661,1.560444,1.620738
13,ACA,2.213713,2.246405,2.227454,2.532885,2.578541,2.678066
15,TCT,1.559757,1.577292,1.57797,1.295768,1.422319,1.445599
17,TCA,1.830261,1.839672,1.835023,1.902485,2.027383,1.999828
22,GCT,1.979314,2.003994,2.004051,1.617307,1.744711,1.742911
24,GCA,3.099972,3.150344,3.139673,3.141831,3.18256,3.188934
30,CTT,2.435968,2.447206,2.447069,2.057682,2.405474,2.374681
32,CTA,0.70066,0.717306,0.714889,1.042355,1.091564,1.077243
44,GTA,2.37447,2.395444,2.393697,1.841465,2.148784,2.137396
54,AAT,3.855394,3.945739,3.936458,3.114943,3.976968,4.061236
60,ATA,3.991088,4.026729,4.024705,3.734616,4.410607,4.379028
0,,,,,,,
12,ACC,0.919381,0.912752,0.910882,1.503905,0.971507,0.97329
14,ACG,0.277239,0.269854,0.269978,0.230288,0.198453,0.19576
18,TCG,0.2291,0.222554,0.22318,0.258151,0.235784,0.238979
27,TAC,1.248733,1.242512,1.242588,2.050438,1.157715,1.125265
35,TTG,0.831937,0.824957,0.829543,1.335613,1.150249,1.12922
37,GAG,1.175752,1.163865,1.163032,1.254253,1.212816,1.191083
39,CCC,0.421654,0.418782,0.420398,0.606159,0.502179,0.494201
43,GTC,0.622821,0.61512,0.615834,0.629146,0.432743,0.426123
45,GTG,0.879302,0.87248,0.873444,1.451244,0.811282,0.78318
59,ATC,1.312881,1.299071,1.301196,1.75509,1.254329,1.253935
62,TGA,0.074637,0.060017,0.065294,0.08345,0.074513,0.079377
